<?xml version="1.0" encoding="utf-8" ?>
<dwsync>
<file name="animated.less" server="C:/AppServ/www/serverproject/" local="131513933790000000" remote="131513933790000000" Dst="1" />
<file name="bordered-pulled.less" server="C:/AppServ/www/serverproject/" local="131513933790000000" remote="131513933790000000" Dst="1" />
<file name="core.less" server="C:/AppServ/www/serverproject/" local="131513933790000000" remote="131513933790000000" Dst="1" />
<file name="fixed-width.less" server="C:/AppServ/www/serverproject/" local="131513933790000000" remote="131513933790000000" Dst="1" />
<file name="font-awesome.less" server="C:/AppServ/www/serverproject/" local="131513933790000000" remote="131513933790000000" Dst="1" />
<file name="icons.less" server="C:/AppServ/www/serverproject/" local="131513933790000000" remote="131513933790000000" Dst="1" />
<file name="larger.less" server="C:/AppServ/www/serverproject/" local="131513933790000000" remote="131513933790000000" Dst="1" />
<file name="list.less" server="C:/AppServ/www/serverproject/" local="131513933790000000" remote="131513933790000000" Dst="1" />
<file name="mixins.less" server="C:/AppServ/www/serverproject/" local="131513933790000000" remote="131513933790000000" Dst="1" />
<file name="path.less" server="C:/AppServ/www/serverproject/" local="131513933790000000" remote="131513933790000000" Dst="1" />
<file name="rotated-flipped.less" server="C:/AppServ/www/serverproject/" local="131513933790000000" remote="131513933790000000" Dst="1" />
<file name="screen-reader.less" server="C:/AppServ/www/serverproject/" local="131513933790000000" remote="131513933790000000" Dst="1" />
<file name="stacked.less" server="C:/AppServ/www/serverproject/" local="131513933790000000" remote="131513933790000000" Dst="1" />
<file name="variables.less" server="C:/AppServ/www/serverproject/" local="131513933790000000" remote="131513933790000000" Dst="1" />
</dwsync>