<?xml version="1.0" encoding="utf-8" ?>
<dwsync>
<file name="bg-2.jpg" server="C:/AppServ/www/serverproject/" local="129775574940000000" remote="129775574940000000" Dst="1" />
<file name="bg.jpg" server="C:/AppServ/www/serverproject/" local="129775575040000000" remote="129775575040000000" Dst="1" />
<file name="button-tail.gif" server="C:/AppServ/www/serverproject/" local="129775574920000000" remote="129775574920000000" Dst="1" />
<file name="button2-tail.gif" server="C:/AppServ/www/serverproject/" local="129775574920000000" remote="129775574920000000" Dst="1" />
<file name="icon-contact.gif" server="C:/AppServ/www/serverproject/" local="129775574940000000" remote="129775574940000000" Dst="1" />
<file name="icon-home.gif" server="C:/AppServ/www/serverproject/" local="129775574920000000" remote="129775574920000000" Dst="1" />
<file name="icon-tree.gif" server="C:/AppServ/www/serverproject/" local="129775574900000000" remote="129775574900000000" Dst="1" />
<file name="marker-2.gif" server="C:/AppServ/www/serverproject/" local="129775574900000000" remote="129775574900000000" Dst="1" />
<file name="menu2.png" server="C:/AppServ/www/serverproject/" local="130206389240000000" remote="130206389240000000" Dst="1" />
<file name="pagination-spacer.gif" server="C:/AppServ/www/serverproject/" local="129775574860000000" remote="129775574860000000" Dst="1" />
<file name="pagination-spacer.png" server="C:/AppServ/www/serverproject/" local="129775574860000000" remote="129775574860000000" Dst="1" />
<file name="pic-1.gif" server="C:/AppServ/www/serverproject/" local="129775574880000000" remote="129775574880000000" Dst="1" />
</dwsync>