<?xml version="1.0" encoding="utf-8" ?>
<dwsync>
<file name="_animated.scss" server="C:/AppServ/www/serverproject/" local="131513933790000000" remote="131513933790000000" Dst="1" />
<file name="_bordered-pulled.scss" server="C:/AppServ/www/serverproject/" local="131513933790000000" remote="131513933790000000" Dst="1" />
<file name="_core.scss" server="C:/AppServ/www/serverproject/" local="131513933790000000" remote="131513933790000000" Dst="1" />
<file name="_fixed-width.scss" server="C:/AppServ/www/serverproject/" local="131513933790000000" remote="131513933790000000" Dst="1" />
<file name="_icons.scss" server="C:/AppServ/www/serverproject/" local="131513933790000000" remote="131513933790000000" Dst="1" />
<file name="_larger.scss" server="C:/AppServ/www/serverproject/" local="131513933790000000" remote="131513933790000000" Dst="1" />
<file name="_list.scss" server="C:/AppServ/www/serverproject/" local="131513933790000000" remote="131513933790000000" Dst="1" />
<file name="_mixins.scss" server="C:/AppServ/www/serverproject/" local="131513933790000000" remote="131513933790000000" Dst="1" />
<file name="_path.scss" server="C:/AppServ/www/serverproject/" local="131513933790000000" remote="131513933790000000" Dst="1" />
<file name="_rotated-flipped.scss" server="C:/AppServ/www/serverproject/" local="131513933790000000" remote="131513933790000000" Dst="1" />
<file name="_screen-reader.scss" server="C:/AppServ/www/serverproject/" local="131513933790000000" remote="131513933790000000" Dst="1" />
<file name="_stacked.scss" server="C:/AppServ/www/serverproject/" local="131513933790000000" remote="131513933790000000" Dst="1" />
<file name="_variables.scss" server="C:/AppServ/www/serverproject/" local="131513933790000000" remote="131513933790000000" Dst="1" />
<file name="font-awesome.scss" server="C:/AppServ/www/serverproject/" local="131513933790000000" remote="131513933790000000" Dst="1" />
<file name="font-awesome.css" server="C:/AppServ/www/serverproject/" local="131559286469148364" remote="131559286460000000" Dst="1" />
</dwsync>