<?xml version="1.0" encoding="utf-8" ?>
<dwsync>
<file name="css3-mediaqueries.js" server="C:/AppServ/www/serverproject/" local="130110554520000000" remote="130110554520000000" Dst="1" />
<file name="cufon-replace.js" server="C:/AppServ/www/serverproject/" local="129775574960000000" remote="129775574960000000" Dst="1" />
<file name="cufon-yui.js" server="C:/AppServ/www/serverproject/" local="129775574960000000" remote="129775574960000000" Dst="1" />
<file name="easyTooltip.js" server="C:/AppServ/www/serverproject/" local="129775574960000000" remote="129775574960000000" Dst="1" />
<file name="FF-cash.js" server="C:/AppServ/www/serverproject/" local="129775574980000000" remote="129775574980000000" Dst="1" />
<file name="html5.js" server="C:/AppServ/www/serverproject/" local="129775574960000000" remote="129775574960000000" Dst="1" />
<file name="jquery-1.6.3.min.js" server="C:/AppServ/www/serverproject/" local="129775574980000000" remote="129775574980000000" Dst="1" />
<file name="jquery.easing.1.3.js" server="C:/AppServ/www/serverproject/" local="129775574940000000" remote="129775574940000000" Dst="1" />
<file name="jquery.galleriffic.js" server="C:/AppServ/www/serverproject/" local="129775574960000000" remote="129775574960000000" Dst="1" />
<file name="jquery.opacityrollover.js" server="C:/AppServ/www/serverproject/" local="129775574980000000" remote="129775574980000000" Dst="1" />
<file name="NewsGoth_400.font.js" server="C:/AppServ/www/serverproject/" local="129775575000000000" remote="129775575000000000" Dst="1" />
<file name="PT_Sans_400.font.js" server="C:/AppServ/www/serverproject/" local="129775574980000000" remote="129775574980000000" Dst="1" />
<file name="PT_Sans_italic_400.font.js" server="C:/AppServ/www/serverproject/" local="129775574980000000" remote="129775574980000000" Dst="1" />
<file name="Satisfy_400.font.js" server="C:/AppServ/www/serverproject/" local="129775575000000000" remote="129775575000000000" Dst="1" />
<file name="script.js" server="C:/AppServ/www/serverproject/" local="129775574940000000" remote="129775574940000000" Dst="1" />
<file name="tms-0.3.js" server="C:/AppServ/www/serverproject/" local="129775574940000000" remote="129775574940000000" Dst="1" />
<file name="tms_presets.js" server="C:/AppServ/www/serverproject/" local="129775574940000000" remote="129775574940000000" Dst="1" />
</dwsync>