<?xml version="1.0" encoding="utf-8" ?>
<dwsync>
<file name="boyzone-2017-summer.jpg" server="C:/AppServ/www/serverproject/" local="131507517840000000" remote="131507517840000000" Dst="1" />
<file name="every_day_i_love_you.jpg" server="C:/AppServ/www/serverproject/" local="131507538380000000" remote="131507538380000000" Dst="1" />
<file name="keith_kuffy.jpg" server="C:/AppServ/www/serverproject/" local="131507557050000000" remote="131507557050000000" Dst="1" />
<file name="michael _graham.jpg" server="C:/AppServ/www/serverproject/" local="131507558420000000" remote="131507558420000000" Dst="1" />
<file name="no_matter_what.jpg" server="C:/AppServ/www/serverproject/" local="131507537170000000" remote="131507537170000000" Dst="1" />
<file name="picture_of_you.jpg" server="C:/AppServ/www/serverproject/" local="131507539780000000" remote="131507539780000000" Dst="1" />
<file name="ronan_keating.jpg" server="C:/AppServ/www/serverproject/" local="131507559270000000" remote="131507559270000000" Dst="1" />
<file name="shane_lynch.jpg" server="C:/AppServ/www/serverproject/" local="131507560490000000" remote="131507560490000000" Dst="1" />
</dwsync>